{
  "com.fulljob.models.dto.auth": [
    { "class": "LoginRequest", "description": "DTO de entrada para login: email y password" },
    { "class": "LoginResponse", "description": "DTO de salida tras login: email, rol, success (y token si se usa)" },
    { "class": "RegistroRequest", "description": "DTO para registrar un nuevo usuario candidato" }
  ],
  "com.fulljob.models.dto.empresa": [
    { "class": "VacanteRequest", "description": "DTO para crear o editar una vacante desde el panel de empresa" },
    { "class": "VacanteResponse", "description": "DTO para mostrar información resumida de vacantes en Angular" },
    { "class": "VacanteDetalleResponse", "description": "DTO con información completa de una vacante (detalle)" },
    { "class": "EmpresaUpdateRequest", "description": "DTO para actualizar los datos de perfil de empresa" },
    { "class": "SolicitudEmpresaResponse", "description": "DTO para listar solicitudes recibidas por una vacante (desde empresa)" },
    { "class": "SolicitudEstadoUpdateRequest", "description": "DTO para aceptar o rechazar una solicitud recibida" }
  ],
  "com.fulljob.models.dto.admin": [
    { "class": "EmpresaRegisterRequest", "description": "DTO que contiene datos de empresa + usuario para registrar desde admin" },
    { "class": "CategoriaRequest", "description": "DTO para crear o modificar una categoría" },
    { "class": "CategoriaResponse", "description": "DTO para mostrar categoría (en tabla o lista)" },
    { "class": "AdminRegisterRequest", "description": "DTO para registrar nuevos administradores" },
    { "class": "UserStatusUpdateRequest", "description": "DTO para desactivar un usuario (enabled = false)" },
    { "class": "UsuarioResponse", "description": "DTO para listar o mostrar usuarios en Angular" }
  ],
  "com.fulljob.models.dto.usuario": [
    { "class": "SolicitudRequest", "description": "DTO para que un candidato postule a una vacante (adjuntar CV, comentarios, etc.)" },
    { "class": "SolicitudUsuarioResponse", "description": "DTO para mostrar solicitudes propias del usuario" },
    { "class": "VacanteResponse", "description": "DTO para listar vacantes disponibles (estado CREADA) con filtros" },
    { "class": "VacanteDetalleResponse", "description": "DTO para mostrar detalle completo de una vacante" }
  ]
}
